Owner,Jira Story #,Type,Parent Object,Name,API Name,Org Delta (New/Updated/Deleted),Comments / Assignments / License
Amol Kulkarni,[TBD - no Jira story cited for this change],Page Layout,Case,Case-Deal Support,Case-Deal Support,New,"DEPLOY TO SIT. Cloned from the org's current 'Case-Case Layout' (retrieved from IRMNewDev, not the stale local copy); sections rebuilt as Case Information / Case Details / System. Related lists kept from the base: Document Checklists (Doc Category, Doc Type, Is Required, Status), Activities, Activity History, Case Team, Case Comments, Files, Case History. Assigned to RT Deal Support via profile layoutAssignments."
Amol Kulkarni,[TBD - no Jira story cited for this change],Page Layout,Case,Case-Post Sale Support,Case-Post Sale Support,New,"DEPLOY TO SIT. Same field placement and related lists as Case-Deal Support (identical content, separate layout so the two can diverge later). Assigned to RT Post Sale Support via profile layoutAssignments."
Amol Kulkarni,[TBD - no Jira story cited for this change],Page Layout field placement - Case Information,Case,Related Opportunity; Opportunity Owner; Account Name; Contact Name; Billing Account; Upsell Oracle Account ID#; Contract Term (Months); Opportunity Currency; Billing Country; Region; Cluster; Business Unit(s); RIM BU; Digital BU; ALM BU; MAS BU; W&L BU; Multi-BU Flag; Primary Product Line; Opportunity Touch Level; Total Annual Amount (TAA); Total Contract Value,NF_Opportunity__c; NF_Opportunity_Owner__c; AccountId; ContactId; GSC_Billing_Account__c; NF_Oracle_Account_ID__c; NF_Contract_Term_Months__c; NF_Opportunity_Currency__c; NF_Billing_Country__c; Region__c; Cluster__c; Business_Unit__c; NF_RIM_BU__c; NF_Digital_BU__c; NF_ALM_BU__c; NF_MAS_BU__c; NF_W_L_BU__c; NF_Multi_BU__c; NF_Primary_Product_Line__c; NF_Opportunity_Touch_Level__c; NF_Opportunity_Amount__c; NF_Total_Contract_Value__c,New (in both layouts),"All Read-only except Contact Name (ContactId, Edit) - added because Salesforce requires ContactId on every Case layout (first IRMNewDev deploy failed without it). Types validated against IRMNewDev describe: lookups (Opportunity, Opportunity Owner->User, Account, Billing Account->Account), currency (TAA, TCV), number (Term), checkboxes (5 BUs + Multi-BU), text (Currency, Billing Country, Region, Cluster, Business Unit(s), Product Line, Touch Level, Oracle ID). Opportunity-sourced values use the existing NF_* snapshot fields on Case (a layout cannot show Opportunity fields directly). Used NF_Billing_Country__c (text), not Billing_Country__c (picklist), and NF_Primary_Product_Line__c, not QTB_Primary_Product_Line__c, to stay with the NF_* set."
Amol Kulkarni,[TBD - no Jira story cited for this change],Page Layout field placement - Case Details,Case,"Case Subject; Case Description; Rejection Reason; Internal Comments / Analyst Notes; Actual Labor Hours (plus Case Number, read-only)",Subject; Description; NF_Rejection_Reason__c; Comments; NF_Actual_Labor_Hours__c; CaseNumber,New (in both layouts),"Subject required, rest editable. Rejection Reason is a multi-select picklist. 'Internal Comments' is the standard Case Comments field (textarea) and is used for 'Internal Comments / Analyst Notes'. Case Number added for record identification - not in the request, remove if unwanted."
Amol Kulkarni,[TBD - no Jira story cited for this change],Page Layout field placement - System,Case,Case Owner; Case Status; Assigned Date; Date/Time Closed; Reopened Start Time,OwnerId; Status; NF_Assigned_Date__c; ClosedDate; GSC_Reopened_Start_Time__c,New (in both layouts),"Platform-required items also added to the System section: Priority and Origin (Required), Supplied Email (Read-only) - IRMNewDev rejected the layouts without them. Priority/Origin/Status mirror the base Case layout. Type removed from the compact (mini) layout because it is not on the full layout. Owner and Status editable; Assigned Date, Closed Date and Reopened Start Time Read-only (set by the DS/PSS Ownership Acceptance / Reopen Capture flows and by Salesforce on close)."
Amol Kulkarni,[TBD - no Jira story cited for this change],Profile (layoutAssignments),Case,Sales & Account Management,Sales & Account Management,Updated,"DEPLOY TO SIT (IRMNewDev deployed 2026-10-08, Deploy ID 0AfWJ00000Hu6c10AB, 4/4 components; deploy with --source-dir - the profile members in the SIT package.xml do not resolve because the files have URL-encoded names). Adds 2 layoutAssignments: Case.Deal_Support -> Case-Deal Support; Case.Post_Sale_Support -> Case-Post Sale Support. Profile file contains only RT visibilities + these assignments, so no other access is changed. No license change. Profile choice carried over from the Lightning page assignment request (see Case_LRP_Assignment_Deployment_Tracker.csv) - confirm these are the 'appropriate profiles'."
Amol Kulkarni,[TBD - no Jira story cited for this change],Profile (layoutAssignments),Case,Pre-Sales / Deal Support / Legal,Pre-Sales / Deal Support / Legal,Updated,DEPLOY TO SIT. Same 2 layoutAssignments as above. No license change.
Amol Kulkarni,[TBD - no Jira story cited for this change],Record Type (layout assignment),Case,Deal Support,Deal_Support,Updated (assignment only),No change to the record type file. Layout 'Case-Deal Support' assigned per profile above. RT must already exist and be visible to both profiles in SIT (visibility committed earlier in 120c7714).
Amol Kulkarni,[TBD - no Jira story cited for this change],Record Type (layout assignment),Case,Post Sale Support,Post_Sale_Support,Updated (assignment only),No change to the record type file. Layout 'Case-Post Sale Support' assigned per profile above. Same SIT prerequisite as Deal Support.
Amol Kulkarni,[TBD - no Jira story cited for this change],Open item (not deployed) - field not found,Case,Opportunity Type,[none on Case],N/A - skipped,"No Case field with this meaning exists in IRMNewDev (closest: NCSP_Opportunity_Type__c, an NCSP-specific formula). Skipped per instruction not to create new fields. Needs a new NF_ snapshot field if wanted later."
Amol Kulkarni,[TBD - no Jira story cited for this change],Open item (not deployed) - field not found,Case,Customer Account Type,[none on Case],N/A - skipped,No matching Case field found. Skipped per instruction not to create new fields.
Amol Kulkarni,[TBD - no Jira story cited for this change],Open item (not deployed) - field not matched,Case,Customer Account,"Customer_ID__c (candidate, IM_Customer_Account__c lookup, labeled 'Customer ID')",N/A - skipped,"Label does not match 'Customer Account', so not placed. Account Name (AccountId) and Billing Account are placed. Say if Customer_ID__c should be used."
Amol Kulkarni,[TBD - no Jira story cited for this change],Open item (not deployed) - field not matched,Case,Rejection Notes,Guided_Selling_Rejection_Notes__c / Rejection_Comments__c (candidates),N/A - skipped,No field labeled 'Rejection Notes' that is clearly for DS/PSS (candidates belong to Guided Selling / existing rejection flows). Not placed. Say which one to use.
Amol Kulkarni,[TBD - no Jira story cited for this change],Open item - data population,Case,Opportunity snapshot fields (NF_*),NF_Opportunity_Owner__c; NF_Total_Contract_Value__c; etc.,N/A,"No flow or Apex in the repo populates the NF_* snapshot fields, and in IRMNewDev 0 of 1 Case with a Related Opportunity has NF_Total_Contract_Value__c filled. The layouts will show blanks until a population mechanism exists (not part of this change). Validate whether SIT already has one."
Amol Kulkarni,[TBD - no Jira story cited for this change],Open item - SIT validation,Case,SIT org,[n/a],N/A,"SIT is not among the orgs authorized in this CLI, so SIT field/RT/profile existence was not checked. All referenced fields were validated in IRMNewDev only. Package manifest for the SIT deploy: manifest/Case_Layout_Deal_PostSale_SIT_Package.xml."
