Rule_Name,Case_Type__c,Record_Type_Dev_Name__c,Queue_Developer_Name__c,Stage__c,Priority__c,Is_Active__c,Logic_Expression__c,Notes__c
CCR-BK-BI-HT,B2B / Implementation,Post_Sale_Support,B2B_Implementation_Queue,Booked,10,True,1 AND 2 AND 3 AND 4,"Sourced from client MVP Support Teams Cases Logic mapping doc, sheet row 80 (B2B Implementation, White Glove / High Touch)"
CCR-BK-BI-MT,B2B / Implementation,Post_Sale_Support,B2B_Implementation_Queue,Booked,20,True,1 AND 2 AND 3 AND 4,"Sourced from client MVP Support Teams Cases Logic mapping doc, sheet row 81 (B2B Implementation, Standard Support / Medium Touch)"
CCR-BK-BI-LT,B2B / Implementation,Post_Sale_Support,B2B_Implementation_Queue,Booked,30,True,1 AND 2 AND 3 AND 4,"Sourced from client MVP Support Teams Cases Logic mapping doc, sheet row 82 (B2B Implementation, Guided Self-Service / Low Touch)"
CCR-S-SA-MT-04,Deal Desk,Deal_Support,ALM_Deal_Desk,Solutioning,160,True,1 AND 2,"Sourced from client MVP Support Teams Cases Logic mapping doc, sheet row 29 (Solution Architects, Standard Support / Medium Touch)"
CCR-S-SA-NT,Deal Desk,Deal_Support,ALM_Deal_Desk,Solutioning,190,True,1 AND 2 AND 3 AND 4,"Sourced from client MVP Support Teams Cases Logic mapping doc, sheet row 18 (Solution Architects, No Touch / Self-Service)"
CCR-S-SA-NT-02,Deal Desk,Deal_Support,ALM_Deal_Desk,Solutioning,200,True,1 AND 2 AND 3,"Sourced from client MVP Support Teams Cases Logic mapping doc, sheet row 21 (Solution Architects, No Touch / Self-Service)"
CCR-S-SA-NT-03,Deal Desk,Deal_Support,Deal_Desk_Queue,Solutioning,210,True,1 AND 2 AND 3 AND 4 AND 5,"Sourced from client MVP Support Teams Cases Logic mapping doc, sheet row 31 (Solution Architects, No Touch / Self-Service)"
CCR-S-SA-NT-04,Deal Desk,Deal_Support,Deal_Desk_Queue,Solutioning,220,True,(1 AND 2 OR 3) AND 4 AND 5,"Sourced from client MVP Support Teams Cases Logic mapping doc, sheet row 40 (Solution Architects, No Touch / Self-Service)"
CCR-S-INFOSECU-HT,InfoSec / Security Questionnaire,Deal_Support,InfoSec_Queue,Solutioning,10,True,1 AND 2,"Sourced from client MVP Support Teams Cases Logic mapping doc, sheet row 14 (InfoSecurity, White Glove / High Touch)"
CCR-S-INFOSECU-LT,InfoSec / Security Questionnaire,Deal_Support,InfoSec_Queue,Solutioning,20,True,1,"Sourced from client MVP Support Teams Cases Logic mapping doc, sheet row 15 (InfoSecurity, Guided Self-Service / Low Touch)"
CCR2-Q-MSP-HT-RIMALM-R8,Managed Services Program,Deal_Support,Managed_Services_Queue,Qualification,10,True,1,"Sourced from IRM Opportunity Routing Score Calculation Template SEP 16.xlsx, ""Case Rules"" tab, row 8 (Managed Service Program, White Glove / High Touch)"
CCR2-Q-RMKT-LT-ALM-R5,Remarketing,Deal_Support,Remarketing_Queue,Qualification,10,True,1 AND 2 AND 3,"Sourced from IRM Opportunity Routing Score Calculation Template SEP 16.xlsx, ""Case Rules"" tab, row 5 (Remarketing, Guided Self-Service / Low Touch)"
CCR2-S-RMKT-LT-ALM-R5,Remarketing,Deal_Support,Remarketing_Queue,Solutioning,20,True,1 AND 2 AND 3,"Sourced from IRM Opportunity Routing Score Calculation Template SEP 16.xlsx, ""Case Rules"" tab, row 5 (Remarketing, Guided Self-Service / Low Touch)"
CCR2-Q-RMKT-MT-ALM-R6,Remarketing,Deal_Support,Remarketing_Queue,Qualification,30,True,1 AND 2 AND 3,"Sourced from IRM Opportunity Routing Score Calculation Template SEP 16.xlsx, ""Case Rules"" tab, row 6 (Remarketing, Standard Support / Medium Touch)"
CCR2-S-RMKT-MT-ALM-R6,Remarketing,Deal_Support,Remarketing_Queue,Solutioning,40,True,1 AND 2 AND 3,"Sourced from IRM Opportunity Routing Score Calculation Template SEP 16.xlsx, ""Case Rules"" tab, row 6 (Remarketing, Standard Support / Medium Touch)"
CCR2-Q-RMKT-HT-ALM-R7,Remarketing,Deal_Support,Remarketing_Queue,Qualification,50,True,1 AND 2 AND ( 3 OR 4 ),"Sourced from IRM Opportunity Routing Score Calculation Template SEP 16.xlsx, ""Case Rules"" tab, row 7 (Remarketing, White Glove / High Touch)"
CCR2-S-RMKT-HT-ALM-R7,Remarketing,Deal_Support,Remarketing_Queue,Solutioning,60,True,1 AND 2 AND ( 3 OR 4 ),"Sourced from IRM Opportunity Routing Score Calculation Template SEP 16.xlsx, ""Case Rules"" tab, row 7 (Remarketing, White Glove / High Touch)"
CCR2-Q-BM-HT-All-R1,RFP / Bid Management,Deal_Support,Bid_Management_Queue,Qualification,10,True,1 AND 2 AND 3,"Sourced from IRM Opportunity Routing Score Calculation Template SEP 16.xlsx, ""Case Rules"" tab, row 1 (Bid Management, White Glove / High Touch)"
CCR2-Q-BM-MT-All-R2,RFP / Bid Management,Deal_Support,Bid_Management_Queue,Qualification,20,True,1 AND ( 2 AND 3 AND ( 4 OR 5 OR 6 ) ) OR ( 7 AND ( 8 OR 9 ) ),"Sourced from IRM Opportunity Routing Score Calculation Template SEP 16.xlsx, ""Case Rules"" tab, row 2 (Bid Management, Standard Support / Medium Touch)"
CCR2-Q-BM-LT-All-R3,RFP / Bid Management,Deal_Support,Bid_Management_Queue,Qualification,30,True,1 AND 2,"Sourced from IRM Opportunity Routing Score Calculation Template SEP 16.xlsx, ""Case Rules"" tab, row 3 (Bid Management, Guided Self-Service / Low Touch)"
CCR2-Q-BM-HT-W&L-R4,RFP / Bid Management,Deal_Support,Bid_Management_Queue,Qualification,40,True,1 AND 2 AND 3,"Sourced from IRM Opportunity Routing Score Calculation Template SEP 16.xlsx, ""Case Rules"" tab, row 4 (Bid Management, White Glove / High Touch)"
CCR2-S-SA-MT-ALM-R9,Solution Architects,Deal_Support,Solution_Architects_Queue,Solutioning,10,True,1 AND 2 AND 3 AND 4 AND 5 AND 6,"Sourced from IRM Opportunity Routing Score Calculation Template SEP 16.xlsx, ""Case Rules"" tab, row 9 (Solution Architects, Standard Support / Medium Touch)"
CCR2-S-SA-HT-ALM-R10,Solution Architects,Deal_Support,Solution_Architects_Queue,Solutioning,20,True,( 1 AND ( 2 OR 3 ) AND 4 ) AND ( 5 OR 6 OR 7 ),"Sourced from IRM Opportunity Routing Score Calculation Template SEP 16.xlsx, ""Case Rules"" tab, row 10 (Solution Architects, White Glove / High Touch)"
CCR2-S-SA-MT-ALM-R11,Solution Architects,Deal_Support,Solution_Architects_Queue,Solutioning,30,True,1 AND 2 AND 3 AND ( 4 OR 5 ),"Sourced from IRM Opportunity Routing Score Calculation Template SEP 16.xlsx, ""Case Rules"" tab, row 11 (Solution Architects, Standard Support / Medium Touch)"
CCR2-S-SA-HT-ALM-R12,Solution Architects,Deal_Support,Solution_Architects_Queue,Solutioning,40,True,1 AND 2 AND 3 AND ( 4 OR 5 OR 6 OR 7 ),"Sourced from IRM Opportunity Routing Score Calculation Template SEP 16.xlsx, ""Case Rules"" tab, row 12 (Solution Architects, White Glove / High Touch)"
CCR2-S-SA-HT-Digital-R13,Solution Architects,Deal_Support,Solution_Architects_Queue,Solutioning,50,True,1 AND ( 2 OR 3 ),"Sourced from IRM Opportunity Routing Score Calculation Template SEP 16.xlsx, ""Case Rules"" tab, row 13 (Solution Architects, White Glove / High Touch)"
CCR2-S-SA-HT-Digital-R14,Solution Architects,Deal_Support,Solution_Architects_Queue,Solutioning,60,True,1 AND 2 AND ( 3 OR 4 ),"Sourced from IRM Opportunity Routing Score Calculation Template SEP 16.xlsx, ""Case Rules"" tab, row 14 (Solution Architects, White Glove / High Touch)"
CCR2-S-SA-MT-Digital-R15,Solution Architects,Deal_Support,Solution_Architects_Queue,Solutioning,70,True,1 AND ( 2 OR 3 ),"Sourced from IRM Opportunity Routing Score Calculation Template SEP 16.xlsx, ""Case Rules"" tab, row 15 (Solution Architects, Standard Support / Medium Touch)"
CCR2-S-SA-MT-RIM-R16,Solution Architects,Deal_Support,Solution_Architects_Queue,Solutioning,80,True,1 AND 2 AND ( 3 OR 4 ),"Sourced from IRM Opportunity Routing Score Calculation Template SEP 16.xlsx, ""Case Rules"" tab, row 16 (Solution Architects, Standard Support / Medium Touch)"
CCR2-S-SA-HT-RIM-R17,Solution Architects,Deal_Support,Solution_Architects_Queue,Solutioning,90,True,1 AND 2 AND ( 3 OR 4 OR 5 OR 6 OR 7 ),"Sourced from IRM Opportunity Routing Score Calculation Template SEP 16.xlsx, ""Case Rules"" tab, row 17 (Solution Architects, White Glove / High Touch)"
CCR2-S-SA-MT-MAS-R18,Solution Architects,Deal_Support,Solution_Architects_Queue,Solutioning,100,True,1,"Sourced from IRM Opportunity Routing Score Calculation Template SEP 16.xlsx, ""Case Rules"" tab, row 18 (Solution Architects, Standard Support / Medium Touch)"
CCR2-S-SA-HT-MAS-R19,Solution Architects,Deal_Support,Solution_Architects_Queue,Solutioning,110,True,1 AND 2,"Sourced from IRM Opportunity Routing Score Calculation Template SEP 16.xlsx, ""Case Rules"" tab, row 19 (Solution Architects, White Glove / High Touch)"
CCR2-S-SA-HT-W&L-R20,Solution Architects,Deal_Support,Solution_Architects_Queue,Solutioning,120,True,1 AND 2 AND 3,"Sourced from IRM Opportunity Routing Score Calculation Template SEP 16.xlsx, ""Case Rules"" tab, row 20 (Solution Architects, White Glove / High Touch)"
CCR2-S-SA-MT-RIM-R21,Solution Architects,Deal_Support,Solution_Architects_Queue,Solutioning,130,True,1 AND ( 2 OR 3 ) AND ( 4 AND 5 ),"Sourced from IRM Opportunity Routing Score Calculation Template SEP 16.xlsx, ""Case Rules"" tab, row 21 (Solution Architects, Standard Support / Medium Touch)"
CCR2-S-SA-HT-RIM-R22,Solution Architects,Deal_Support,Solution_Architects_Queue,Solutioning,140,True,1 AND ( 2 OR 3 ) AND ( 4 OR 5 OR 6 ),"Sourced from IRM Opportunity Routing Score Calculation Template SEP 16.xlsx, ""Case Rules"" tab, row 22 (Solution Architects, White Glove / High Touch)"
