Rule_Name,Doc_Category__c,Doc_Type__c,Is_Required_For_Case__c,Is_Required_To_Start__c
CCR-S-INFOSECU-HT,"Compliance, Risk & Privacy",Customer Security Questionnaire,True,True
CCR-S-SA-NT,Scoping & Technical,Business Problem Statement,True,True
CCR-S-SA-NT,Scoping & Technical,Solution Assessment,True,True
CCR-S-SA-NT-03,Scoping & Technical,Site Logistics / Floor Plan,True,True
CCR-S-SA-NT-03,Pricing & Financial,Competitive Intelligence,True,True
CCR-S-SA-NT-03,Pricing & Financial,Pricing Documentation,True,True
CCR2-Q-BM-HT-All-R1,RFx & Bid Management,Portal Submission Credentials,True,True
CCR2-Q-BM-HT-W&L-R4,RFx & Bid Management,Portal Submission Credentials,True,True
CCR2-Q-BM-LT-All-R3,RFx & Bid Management,Portal Submission Credentials,True,True
CCR2-Q-BM-MT-All-R2,RFx & Bid Management,Portal Submission Credentials,True,True
CCR2-Q-RMKT-HT-ALM-R7,Scoping & Technical,Asset Condition Report,True,True
CCR2-Q-RMKT-HT-ALM-R7,Scoping & Technical,Inventory List,True,True
CCR2-Q-RMKT-HT-ALM-R7,Scoping & Technical,Revenue Share Model,True,True
CCR2-Q-RMKT-LT-ALM-R5,Scoping & Technical,Asset Condition Report,True,True
CCR2-Q-RMKT-LT-ALM-R5,Scoping & Technical,Inventory List,True,True
CCR2-Q-RMKT-LT-ALM-R5,Scoping & Technical,Revenue Share Model,True,True
CCR2-Q-RMKT-MT-ALM-R6,Scoping & Technical,Inventory List,True,True
CCR2-Q-RMKT-MT-ALM-R6,Scoping & Technical,Asset Condition Report,True,True
CCR2-Q-RMKT-MT-ALM-R6,Scoping & Technical,Revenue Share Model,True,True
CCR2-S-RMKT-HT-ALM-R7,Scoping & Technical,Revenue Share Model,True,True
CCR2-S-RMKT-HT-ALM-R7,Scoping & Technical,Asset Condition Report,True,True
CCR2-S-RMKT-HT-ALM-R7,Scoping & Technical,Inventory List,True,True
CCR2-S-RMKT-LT-ALM-R5,Scoping & Technical,Revenue Share Model,True,True
CCR2-S-RMKT-LT-ALM-R5,Scoping & Technical,Inventory List,True,True
CCR2-S-RMKT-LT-ALM-R5,Scoping & Technical,Asset Condition Report,True,True
CCR2-S-RMKT-MT-ALM-R6,Scoping & Technical,Revenue Share Model,True,True
CCR2-S-RMKT-MT-ALM-R6,Scoping & Technical,Asset Condition Report,True,True
CCR2-S-RMKT-MT-ALM-R6,Scoping & Technical,Inventory List,True,True
CCR2-S-SA-HT-MAS-R19,Scoping & Technical,Media Sample Analysis Data,True,True
CCR2-S-SA-HT-MAS-R19,Scoping & Technical,DRMS Scoping Form,True,True
CCR2-S-SA-HT-MAS-R19,Scoping & Technical,Restoration Scope,True,True
CCR2-S-SA-HT-MAS-R19,Scoping & Technical,Media Format List,True,True
CCR2-S-SA-HT-RIM-R17,Scoping & Technical,Site Logistics / Floor Plan,True,True
CCR2-S-SA-HT-RIM-R22,Scoping & Technical,Inventory List,True,True
CCR2-S-SA-HT-W&L-R20,Scoping & Technical,Technical Scoping Form,True,True
CCR2-S-SA-MT-MAS-R18,Scoping & Technical,Media Format List,True,True
CCR2-S-SA-MT-MAS-R18,Scoping & Technical,DRMS Scoping Form,True,True
CCR2-S-SA-MT-MAS-R18,Scoping & Technical,Restoration Scope,True,True
CCR2-S-SA-MT-MAS-R18,Scoping & Technical,Media Sample Analysis Data,True,True
CCR2-S-SA-MT-RIM-R16,Scoping & Technical,Site Logistics / Floor Plan,True,True
CCR2-S-SA-MT-RIM-R21,SOW & Contracts,Standard SOW (Auto-generated),True,True
