Case_Type__c,Case_Record_Type_Dev_Name__c,Doc_Category__c,Doc_Type__c,Document_Label__c,Is_Active__c,Notes__c
Deal Desk,Deal_Support,Pricing & Financial,Approved Pricing Strategy,,True,
Deal Desk,Deal_Support,Approvals & Sign-off,Deal Review: Approved,,True,
InfoSec / Security Questionnaire,Deal_Support,"Compliance, Risk & Privacy",Completed Security Questionnaire,,True,
Managed Services Program,Deal_Support,Pricing & Financial,Proposed Quote / Draft Contract,,True,
Remarketing,Deal_Support,Pricing & Financial,Proposed Quote / Draft Contract,,True,
RFP / Bid Management,Deal_Support,RFx & Bid Management,Bid Response Package,,True,
Solution Architects,Deal_Support,SOW & Contracts,Technical SOW (Final),,True,"APPROXIMATE — union of ALM/Digital/RIM-Shred/MAS/RIM-Storage exit docs; this object has no BU field to distinguish sub-teams, so some docs may not apply to every Solution Architects case. Flagged per team decision 2026-08-27."
Solution Architects,Deal_Support,Approvals & Sign-off,Operational Sign-off,,True,"APPROXIMATE — union of ALM/Digital/RIM-Shred/MAS/RIM-Storage exit docs; this object has no BU field to distinguish sub-teams, so some docs may not apply to every Solution Architects case. Flagged per team decision 2026-08-27."
Solution Architects,Deal_Support,Approvals & Sign-off,Route Capacity Approval,,True,"APPROXIMATE — union of ALM/Digital/RIM-Shred/MAS/RIM-Storage exit docs; this object has no BU field to distinguish sub-teams, so some docs may not apply to every Solution Architects case. Flagged per team decision 2026-08-27."
Solution Architects,Deal_Support,SOW & Contracts,SOW Exhibit,,True,"APPROXIMATE — union of ALM/Digital/RIM-Shred/MAS/RIM-Storage exit docs; this object has no BU field to distinguish sub-teams, so some docs may not apply to every Solution Architects case. Flagged per team decision 2026-08-27."
Solution Architects,Deal_Support,SOW & Contracts,DRMS Scope Form / SOW,,True,"APPROXIMATE — union of ALM/Digital/RIM-Shred/MAS/RIM-Storage exit docs; this object has no BU field to distinguish sub-teams, so some docs may not apply to every Solution Architects case. Flagged per team decision 2026-08-27."
Solution Architects,Deal_Support,Pricing & Financial,CPQ Output,,True,"APPROXIMATE — union of ALM/Digital/RIM-Shred/MAS/RIM-Storage exit docs; this object has no BU field to distinguish sub-teams, so some docs may not apply to every Solution Architects case. Flagged per team decision 2026-08-27."
Solution Architects,Deal_Support,Pricing & Financial,PA Model (Profitability Analysis),,True,"APPROXIMATE — union of ALM/Digital/RIM-Shred/MAS/RIM-Storage exit docs; this object has no BU field to distinguish sub-teams, so some docs may not apply to every Solution Architects case. Flagged per team decision 2026-08-27."
Solution Architects,Deal_Support,Approvals & Sign-off,Deal Review / OBR Approval,,True,"APPROXIMATE — union of ALM/Digital/RIM-Shred/MAS/RIM-Storage exit docs; this object has no BU field to distinguish sub-teams, so some docs may not apply to every Solution Architects case. Flagged per team decision 2026-08-27."
Solution Architects,Deal_Support,Pricing & Financial,Large Deal Model (LDM),,True,"APPROXIMATE — union of ALM/Digital/RIM-Shred/MAS/RIM-Storage exit docs; this object has no BU field to distinguish sub-teams, so some docs may not apply to every Solution Architects case. Flagged per team decision 2026-08-27."
Solution Architects,Deal_Support,Approvals & Sign-off,Technical Feasibility Sign-off,,True,"APPROXIMATE — union of ALM/Digital/RIM-Shred/MAS/RIM-Storage exit docs; this object has no BU field to distinguish sub-teams, so some docs may not apply to every Solution Architects case. Flagged per team decision 2026-08-27."
