Booking_Verification_Template__c,Name,Type__c,Is_Mandatory__c,Sequence_Number__c,Doc_Category__c,Doc_Type__c
{TEMPLATE_ID},Primary Product Line,Task,true,1,,
{TEMPLATE_ID},Transaction Lines,Task,true,2,,
{TEMPLATE_ID},Term,Task,true,3,,
{TEMPLATE_ID},EAA,Task,true,4,,
{TEMPLATE_ID},TCV,Task,true,5,,
{TEMPLATE_ID},Deal Review,Task,true,6,,
{TEMPLATE_ID},SOW,Document,true,7,SOW & Contracts,Executed Contract / SOW
{TEMPLATE_ID},Contract,Document,true,8,Contract & Legal,Signed MSA / Contract
{TEMPLATE_ID},Rate Card,Document,false,9,Pricing & Financial,Standardized Rate Card
{TEMPLATE_ID},PA Model,Document,false,10,Pricing & Financial,PA Model (Profitability Analysis)
